{"cameraMode":{"drawMode":0,"name":"Shaded","section":"Shading Mode"},"sceneLighting":true,"audioPlay":false,"sceneViewState":{"showFog":true,"showMaterialUpdate":false,"showSkybox":true,"showFlares":true,"showImageEffects":true,"showParticleSystems":true},"in2DMode":false,"pivot":{"x":0.3604736328125,"y":0.25341796875,"z":0.1856689453125},"rotation":{"x":-0.048763684928417209,"y":0.9511600732803345,"z":-0.20870499312877656,"w":-0.22220465540885926},"size":0.6404802203178406,"orthographic":true}